file_id,genus,species,english_cname,french_cname,who_provided_recording,country,latitude,longitute,type,license
132608,Acanthis,flammea,Common Redpoll,Sizerin flammé,Jarek Matusiak,Poland,50.7932,15.4995,"female, male, song",http://creativecommons.org/licenses/by-nc-sa/3.0/
132611,Acanthis,flammea,Common Redpoll,Sizerin flammé,Jarek Matusiak,Poland,50.7932,15.4995,"flight call, male, song",http://creativecommons.org/licenses/by-nc-sa/3.0/
35068,Acanthis,flammea,Common Redpoll,Sizerin flammé,Sander Bot,Netherlands,52.8176,6.4326,"call, song",http://creativecommons.org/licenses/by-nc-nd/2.5/
82715,Acrocephalus,palustris,Marsh Warbler,Rousserolle verderolle,Dougie Preston,United Kingdom,60.3539,-1.2689,Song,http://creativecommons.org/licenses/by-nc-nd/2.5/
64685,Acrocephalus,palustris,Marsh Warbler,Rousserolle verderolle,Dougie Preston,United Kingdom,60.3539,-1.2689,Song,http://creativecommons.org/licenses/by-nc-nd/2.5/
64686,Acrocephalus,palustris,Marsh Warbler,Rousserolle verderolle,Dougie Preston,United Kingdom,60.3539,-1.2689,Song,http://creativecommons.org/licenses/by-nc-nd/2.5/
120664,Acrocephalus,schoenobaenus,Sedge Warbler,Phragmite des joncs,david m,United Kingdom,56.586,-6.1855,"male, song",http://creativecommons.org/licenses/by-nc-nd/3.0/
120666,Acrocephalus,schoenobaenus,Sedge Warbler,Phragmite des joncs,david m,United Kingdom,56.586,-6.1855,"male, song",http://creativecommons.org/licenses/by-nc-nd/3.0/
76767,Acrocephalus,schoenobaenus,Sedge Warbler,Phragmite des joncs,Richard Dunn,United Kingdom,55.2809,-1.5801,song,http://creativecommons.org/licenses/by-nc-nd/2.5/
124052,Acrocephalus,scirpaceus,Eurasian Reed Warbler,Paruline des roseaux,david m,United Kingdom,51.8985,-0.5372,"call, female, male, song",http://creativecommons.org/licenses/by-nc-nd/3.0/
124053,Acrocephalus,scirpaceus,Eurasian Reed Warbler,Paruline des roseaux,david m,United Kingdom,51.8985,-0.5372,"call, female, male, song",http://creativecommons.org/licenses/by-nc-nd/3.0/
27999,Acrocephalus,scirpaceus,Eurasian Reed Warbler,Paruline des roseaux,Stuart Fisher,United Kingdom,51.2887,-0.5267,Song,http://creativecommons.org/licenses/by-nc-nd/2.5/
113082,Aegithalos,caudatus,Long-tailed Tit,Mésange à longue queue,Timo Roeke,Netherlands,52.2766,6.7271,alarm call,http://creativecommons.org/licenses/by-nc-sa/3.0/
101371,Aegithalos,caudatus,Long-tailed Tit,Mésange à longue queue,Krzysiek Deoniziak,Poland,52.272,16.797,call,http://creativecommons.org/licenses/by-nc-nd/2.5/
128853,Aegithalos,caudatus,Long-tailed Tit,Mésange à longue queue,Alexandre Renaudier,Spain,38.2072,-3.9626,call,http://creativecommons.org/licenses/by-nc-sa/3.0/
123169,Alauda,arvensis,Eurasian Skylark,Alouette des champs,david m,United Kingdom,54.128,-0.5574,"male, song",http://creativecommons.org/licenses/by-nc-nd/3.0/
123170,Alauda,arvensis,Eurasian Skylark,Alouette des champs,david m,United Kingdom,54.128,-0.5574,"male, song",http://creativecommons.org/licenses/by-nc-nd/3.0/
158166,Alauda,arvensis,Eurasian Skylark,Alouette des champs,david m,United Kingdom,54.127,-0.556,"male, song",http://creativecommons.org/licenses/by-nc-nd/3.0/
138979,Anthus,pratensis,Meadow Pipit,Pipit farlouse,Fernand DEROUSSEN,Norway,70.3753,28.4628,song,http://creativecommons.org/licenses/by-nc-nd/3.0/
30614,Anthus,pratensis,Meadow Pipit,Pipit farlouse,Ruud van Beusekom,Netherlands,52.2823,5.2256,song,http://creativecommons.org/licenses/by-nc-nd/2.5/
142431,Anthus,pratensis,Meadow Pipit,Pipit farlouse,Erik Roels,Netherlands,51.3246,3.7232,"flight call, male, song",http://creativecommons.org/licenses/by-nc-sa/3.0/
83705,Anthus,trivialis,Tree Pipit,Pipit des arbres,Jelmer Poelstra,Sweden,60.157,17.639,song,http://creativecommons.org/licenses/by-nc-nd/2.5/
33395,Anthus,trivialis,Tree Pipit,Pipit des arbres,Mark Harper,United Kingdom,53.2112,-1.0717,Song,http://creativecommons.org/licenses/by-nc-nd/2.5/
99299,Anthus,trivialis,Tree Pipit,Pipit des arbres,Tony Whitehead,United Kingdom,50.658,-3.719,Song,http://creativecommons.org/licenses/by-nc-nd/2.5/
139552,Apus,apus,Common Swift,Martinet noir,Volker Arnold,Germany,53.0956,10.8457,flight call,http://creativecommons.org/licenses/by-nc-sa/3.0/
67307,Apus,apus,Common Swift,Martinet noir,Patrik berg,Sweden,58.4278,14.2273,Begging call,http://creativecommons.org/licenses/by-nc-sa/3.0/
77645,Apus,apus,Common Swift,Martinet noir,Richard Dunn,Spain,42.629,-0.111,call,http://creativecommons.org/licenses/by-nc-nd/2.5/
94584,Branta,canadensis,Canada Goose,Bernache du Canada,Frank Lambert,United Kingdom,50.768,0.151,flight call,http://creativecommons.org/licenses/by-nc-nd/3.0/
35578,Branta,canadensis,Canada Goose,Bernache du Canada,Arnold Meijer,Netherlands,52.1756,4.4003,call,http://creativecommons.org/licenses/by-nc-nd/2.5/
95381,Branta,canadensis,Canada Goose,Bernache du Canada,Herman van der Meer,Netherlands,52.127,4.326,flight call,http://creativecommons.org/licenses/by-nc-nd/2.5/
64738,Calidris,alpina,Dunlin,Bécasseau variable,Patrik berg,Sweden,68.471,20.9,Call,http://creativecommons.org/licenses/by-nc-sa/3.0/
118363,Calidris,alpina,Dunlin,Bécasseau variable,Marco Dragonetti,Italy,42.6683,11.0069,flight call,http://creativecommons.org/licenses/by-nc-nd/3.0/
83894,Calidris,alpina,Dunlin,Bécasseau variable,Patrik berg,Iceland,63.921,-20.764,Song,http://creativecommons.org/licenses/by-nc-nd/2.5/
156388,Caprimulgus,europaeus,European Nightjar,Engoulevent d’Europe,Jack Berteau,France,46.5874,0.2243,"male, song",http://creativecommons.org/licenses/by-nc-sa/3.0/
67229,Caprimulgus,europaeus,European Nightjar,Engoulevent d’Europe,Patrik berg,Sweden,58.4762,14.3726,Song,http://creativecommons.org/licenses/by-nc-sa/3.0/
27039,Caprimulgus,europaeus,European Nightjar,Engoulevent d’Europe,Patrik berg,Sweden,58.4392,14.3298,Song,http://creativecommons.org/licenses/by-nc-sa/3.0/
133880,Carduelis,carduelis,European Goldfinch,Chardonneret élégant,Mike Nelson,United Kingdom,55.9937,-3.5605,song,http://creativecommons.org/licenses/by-nc-sa/3.0/
97792,Carduelis,carduelis,European Goldfinch,Chardonneret élégant,Richard Dunn,United Kingdom,55.239,-1.566,song,http://creativecommons.org/licenses/by-nc-nd/2.5/
133886,Carduelis,carduelis,European Goldfinch,Chardonneret élégant,Mike Nelson,United Kingdom,56.0058,-3.5162,"flight call, song",http://creativecommons.org/licenses/by-nc-sa/3.0/
70129,Certhia,familiaris,Eurasian Treecreeper,Grimpereau des arbres,Paul Driver,United Kingdom,51.721,-0.145,"song, flight  and contact calls",http://creativecommons.org/licenses/by-nc-nd/2.5/
130409,Certhia,familiaris,Eurasian Treecreeper,Grimpereau des arbres,Jelmer Poelstra,Sweden,60.257,17.2172,song,http://creativecommons.org/licenses/by-nc-sa/3.0/
146753,Certhia,familiaris,Eurasian Treecreeper,Grimpereau des arbres,David Darrell-Lambert,United Kingdom,51.5826,-0.1426,song,http://creativecommons.org/licenses/by-nc-sa/3.0/
28961,Chloris,chloris,European Greenfinch,Verdier d’Europe,Stuart Fisher,United Kingdom,51.5278,-0.01,song,http://creativecommons.org/licenses/by-nc-nd/2.5/
99155,Chloris,chloris,European Greenfinch,Verdier d’Europe,Tony Whitehead,United Kingdom,50.486,-3.656,Song,http://creativecommons.org/licenses/by-nc-nd/2.5/
124013,Chloris,chloris,European Greenfinch,Verdier d’Europe,Ashley Fisher,United Kingdom,49.9168,-6.3027,"male, song",http://creativecommons.org/licenses/by-nc-sa/3.0/
129576,Chroicocephalus,ridibundus,Black-headed Gull,Mouette rieuse,Alexandre Renaudier,France,46.401,6.514,"alarm call, call, flight call, song",http://creativecommons.org/licenses/by-nc-sa/3.0/
129577,Chroicocephalus,ridibundus,Black-headed Gull,Mouette rieuse,Alexandre Renaudier,France,46.401,6.514,"alarm call, call, flight call, song",http://creativecommons.org/licenses/by-nc-sa/3.0/
143894,Chroicocephalus,ridibundus,Black-headed Gull,Mouette rieuse,Dan Stowell,United Kingdom,55.9104,-3.3199,song,http://creativecommons.org/licenses/by-sa/3.0/
121691,Coloeus,monedula,Western Jackdaw,Choucas des tours de l’Ouest,Jarek Matusiak,Poland,52.2776,20.9679,"call, flight call",http://creativecommons.org/licenses/by-nc-sa/3.0/
156262,Coloeus,monedula,Western Jackdaw,Choucas des tours de l’Ouest,Andre et Odile BOUCHER,France,43.711,5.3928,"call, song",http://creativecommons.org/licenses/by-nc-sa/3.0/
121735,Coloeus,monedula,Western Jackdaw,Choucas des tours de l’Ouest,Volker Arnold,Germany,54.191,9.106,flight call,http://creativecommons.org/licenses/by-nc-sa/3.0/
92264,Columba,livia,Rock Dove,Pigeon biset,Herman van der Meer,Netherlands,52.0775,4.3249,Song,http://creativecommons.org/licenses/by-nc-nd/2.5/
116226,Columba,livia,Rock Dove,Pigeon biset,Jarek Matusiak,Poland,52.2129,21.0353,"male, song",http://creativecommons.org/licenses/by-nc-sa/3.0/
121677,Columba,livia,Rock Dove,Pigeon biset,Jarek Matusiak,Poland,52.2776,20.9679,"alarm call, alarm clapping with wings",http://creativecommons.org/licenses/by-nc-sa/3.0/
89994,Columba,oenas,Stock Dove,Pigeon colombin,Herman van der Meer,Netherlands,52.129,4.332,song,http://creativecommons.org/licenses/by-nc-nd/2.5/
82971,Columba,oenas,Stock Dove,Pigeon colombin,Volker Arnold,Germany,54.147,9.222,song,http://creativecommons.org/licenses/by-nc-nd/2.5/
77429,Columba,oenas,Stock Dove,Pigeon colombin,Niels Krabbe,Sweden,56.4334,12.5667,song,http://creativecommons.org/licenses/by-nc-nd/2.5/
130993,Columba,palumbus,Common Wood Pigeon,Pigeon ramier commun,Ashley Fisher,United Kingdom,49.9172,-6.3034,"male, song",http://creativecommons.org/licenses/by-nc-sa/3.0/
94614,Columba,palumbus,Common Wood Pigeon,Pigeon ramier commun,Frank Lambert,United Kingdom,50.8889,0.422,song,http://creativecommons.org/licenses/by-nc-nd/3.0/
94615,Columba,palumbus,Common Wood Pigeon,Pigeon ramier commun,Frank Lambert,United Kingdom,50.8889,0.422,song,http://creativecommons.org/licenses/by-nc-nd/3.0/
42224,Corvus,corax,Northern Raven,Corbeau du Nord,Jarek Matusiak,Poland,49.0881,22.8128,call (call and acrobatic call),http://creativecommons.org/licenses/by-nc-nd/2.5/
143170,Corvus,corax,Northern Raven,Corbeau du Nord,Matthias Hemprich,Germany,47.693,9.4287,call,http://creativecommons.org/licenses/by-nc-sa/3.0/
64735,Corvus,corax,Northern Raven,Corbeau du Nord,Patrik berg,Sweden,58.3667,14.2667,Call and 'song',http://creativecommons.org/licenses/by-nc-sa/3.0/
96464,Corvus,corone,Carrion Crow,Corneille noire,Matthias Feuersenger,Germany,49.4901,8.477,call,http://creativecommons.org/licenses/by-nc-nd/2.5/
98400,Corvus,corone,Carrion Crow,Corneille noire,Volker Arnold,Germany,54.265,9.138,alarm call,http://creativecommons.org/licenses/by-nc-nd/2.5/
96133,Corvus,corone,Carrion Crow,Corneille noire,Herman van der Meer,Netherlands,52.123,4.338,Song,http://creativecommons.org/licenses/by-nc-nd/2.5/
27145,Corvus,frugilegus,Rook,Tour,Patrik berg,Sweden,55.6289,13.7128,Call,http://creativecommons.org/licenses/by-nc-sa/3.0/
143002,Corvus,frugilegus,Rook,Tour,Andre et Odile BOUCHER,France,45.398,4.2902,"call, flight call, song",http://creativecommons.org/licenses/by-nc-sa/3.0/
143005,Corvus,frugilegus,Rook,Tour,Andre et Odile BOUCHER,France,45.398,4.2902,"call, flight call, juvenile, song",http://creativecommons.org/licenses/by-nc-sa/3.0/
33392,Cuculus,canorus,Common Cuckoo,Coucou gris,Mark Harper,United Kingdom,53.2112,-1.0717,Song,http://creativecommons.org/licenses/by-nc-nd/2.5/
37447,Cuculus,canorus,Common Cuckoo,Coucou gris,David Farrow,United Kingdom,52.65806,1.051941,song,http://creativecommons.org/licenses/by-nc-sa/3.0/
134671,Cuculus,canorus,Common Cuckoo,Coucou gris,Ashley Fisher,United Kingdom,49.9092,-6.3039,"male, song",http://creativecommons.org/licenses/by-nc-sa/3.0/
42178,Cyanistes,caeruleus,Eurasian Blue Tit,Mésange bleue d’Eurasie,Stuart Fisher,United Kingdom,51.5501,0.0137,Song,http://creativecommons.org/licenses/by-nc-nd/2.5/
44203,Cyanistes,caeruleus,Eurasian Blue Tit,Mésange bleue d’Eurasie,Stuart Fisher,United Kingdom,51.5501,0.0137,Song,http://creativecommons.org/licenses/by-nc-nd/2.5/
131316,Cyanistes,caeruleus,Eurasian Blue Tit,Mésange bleue d’Eurasie,Dan Stowell,United Kingdom,51.5934,0.0256,song,http://creativecommons.org/licenses/by-sa/3.0/
148465,Delichon,urbicum,Common House Martin,Hirondelle de maison commune,Patrik berg,Spain,39.8427,-5.9972,song,http://creativecommons.org/licenses/by-nc-sa/3.0/
133444,Delichon,urbicum,Common House Martin,Hirondelle de maison commune,Roberto Lerco,Italy,45.6851,11.0856,"flight call, song",http://creativecommons.org/licenses/by-nc-sa/3.0/
142697,Delichon,urbicum,Common House Martin,Hirondelle de maison commune,Fernand DEROUSSEN,France,42.5816,2.7787,"alarm call, song",http://creativecommons.org/licenses/by-nc-nd/3.0/
148528,Dendrocopos,major,Great Spotted Woodpecker,Pic épeiche,Stein . Nilsen,Norway,69.5778,18.6401,"call, drumming, juvenile",http://creativecommons.org/licenses/by-nc-sa/3.0/
98172,Dendrocopos,major,Great Spotted Woodpecker,Pic épeiche,Jelmer Poelstra,Sweden,60.297,16.913,drum,http://creativecommons.org/licenses/by-nc-nd/2.5/
72629,Dendrocopos,major,Great Spotted Woodpecker,Pic épeiche,Volker Arnold,Germany,54.1498,9.2039,call,http://creativecommons.org/licenses/by-nc-nd/2.5/
130426,Dryocopus,martius,Black Woodpecker,Pic noir,Jelmer Poelstra,Sweden,60.2513,17.1808,song,http://creativecommons.org/licenses/by-nc-sa/3.0/
98942,Dryocopus,martius,Black Woodpecker,Pic noir,Filip Verbelen,Belgium,50.958,3.727,song,http://creativecommons.org/licenses/by-nc-nd/2.5/
155975,Dryocopus,martius,Black Woodpecker,Pic noir,Jack Berteau,France,46.5966,0.1988,song,http://creativecommons.org/licenses/by-nc-sa/3.0/
123168,Emberiza,calandra,Corn Bunting,Bruant proyer,david m,United Kingdom,54.1243,-0.557,"male, song",http://creativecommons.org/licenses/by-nc-nd/3.0/
125777,Emberiza,calandra,Corn Bunting,Bruant proyer,david m,United Kingdom,54.1242,-0.5543,"male, song",http://creativecommons.org/licenses/by-nc-nd/3.0/
123167,Emberiza,calandra,Corn Bunting,Bruant proyer,david m,United Kingdom,54.1243,-0.557,"male, song",http://creativecommons.org/licenses/by-nc-nd/3.0/
102106,Emberiza,citrinella,Yellowhammer,Bruant jaune,Richard Dunn,United Kingdom,55.1089,-1.7028,song,http://creativecommons.org/licenses/by-nc-nd/2.5/
102107,Emberiza,citrinella,Yellowhammer,Bruant jaune,Richard Dunn,United Kingdom,55.1089,-1.7028,song,http://creativecommons.org/licenses/by-nc-nd/2.5/
145533,Emberiza,citrinella,Yellowhammer,Bruant jaune,Patrik berg,United Kingdom,52.9382,1.1089,song,http://creativecommons.org/licenses/by-nc-sa/3.0/
102048,Emberiza,schoeniclus,Common Reed Bunting,Bruant des roseaux,Richard Dunn,United Kingdom,55.07,-1.6059,song,http://creativecommons.org/licenses/by-nc-nd/2.5/
102803,Emberiza,schoeniclus,Common Reed Bunting,Bruant des roseaux,Richard Dunn,United Kingdom,55.2809,-1.5801,song,http://creativecommons.org/licenses/by-nc-nd/2.5/
86327,Emberiza,schoeniclus,Common Reed Bunting,Bruant des roseaux,David Farrow,United Kingdom,52.497,0.722,song,http://creativecommons.org/licenses/by-nc-nd/2.5/
70124,Erithacus,rubecula,European Robin,Rouge-gorge,Paul Driver,United Kingdom,51.721,-0.145,song,http://creativecommons.org/licenses/by-nc-nd/2.5/
30390,Erithacus,rubecula,European Robin,Rouge-gorge,Stuart Fisher,United Kingdom,51.317,-0.5592,song,http://creativecommons.org/licenses/by-nc-nd/2.5/
133862,Erithacus,rubecula,European Robin,Rouge-gorge,Mike Nelson,United Kingdom,55.9937,-3.5605,song,http://creativecommons.org/licenses/by-nc-sa/3.0/
42803,Fringilla,coelebs,Common Chaffinch,Pinson des arbres,Stuart Fisher,United Kingdom,51.5676,0.0451,'plastic' song/subsong,http://creativecommons.org/licenses/by-nc-nd/2.5/
122548,Fringilla,coelebs,Common Chaffinch,Pinson des arbres,Ashley Fisher,United Kingdom,49.9172,-6.3034,"call, male, song",http://creativecommons.org/licenses/by-nc-sa/3.0/
121597,Fringilla,coelebs,Common Chaffinch,Pinson des arbres,david m,United Kingdom,54.1245,-0.5722,"call, male, song",http://creativecommons.org/licenses/by-nc-nd/3.0/
31059,Fulica,atra,Eurasian Coot,Foulque macroule,Rombout de Wijs,Netherlands,52.2962,5.1231,agitation calls,http://creativecommons.org/licenses/by-nc-nd/2.5/
44707,Fulica,atra,Eurasian Coot,Foulque macroule,Stuart Fisher,United Kingdom,51.5031,-0.1334,Typical calls in mild aggression,http://creativecommons.org/licenses/by-nc-nd/2.5/
130639,Fulica,atra,Eurasian Coot,Foulque macroule,maudoc,Italy,45.1945,11.0393,call,http://creativecommons.org/licenses/by-nc-nd/3.0/
27080,Gallinago,gallinago,Common Snipe,Bécassine des marais,Patrik berg,Sweden,58.3714,14.1395,"call, song",http://creativecommons.org/licenses/by-nc-sa/3.0/
90977,Gallinago,gallinago,Common Snipe,Bécassine des marais,Lars Lachmann,Poland,53.5001,22.7334,song,http://creativecommons.org/licenses/by-nc-nd/2.5/
135270,Gallinago,gallinago,Common Snipe,Bécassine des marais,Jelmer Poelstra,Sweden,60.0947,17.5442,song,http://creativecommons.org/licenses/by-nc-sa/3.0/
89530,Gallinula,chloropus,Common Moorhen,Gallinule poule-d’eau,Herman van der Meer,Netherlands,52.106,4.405,Call,http://creativecommons.org/licenses/by-nc-nd/2.5/
26789,Gallinula,chloropus,Common Moorhen,Gallinule poule-d’eau,Patrik berg,Sweden,58.5731,14.2489,song,http://creativecommons.org/licenses/by-nc-sa/3.0/
82701,Gallinula,chloropus,Common Moorhen,Gallinule poule-d’eau,Christoph Bock,Germany,53.49821715,13.53323364,Territorial or agitation calls,http://creativecommons.org/licenses/by-nc-nd/2.5/
127136,Garrulus,glandarius,Eurasian Jay,Geai des chênes,"Hemprich,M.",Germany,47.6773,9.3935,"imitation, song",http://creativecommons.org/licenses/by-nc-sa/3.0/
142908,Garrulus,glandarius,Eurasian Jay,Geai des chênes,Matthias Hemprich,Germany,47.6525,9.4569,"migrant bird, song, subsong",http://creativecommons.org/licenses/by-nc-sa/3.0/
46223,Garrulus,glandarius,Eurasian Jay,Geai des chênes,Ruud van Beusekom,Netherlands,52.3048,5.2028,song,http://creativecommons.org/licenses/by-nc-nd/2.5/
58571,Gavia,stellata,Red-throated Loon,Plongeon catmarin,Patrik berg,Sweden,59.793,14.482,territorial call and song,http://creativecommons.org/licenses/by-nc-sa/3.0/
58573,Gavia,stellata,Red-throated Loon,Plongeon catmarin,Patrik berg,Sweden,59.793,14.482,territorial call and song,http://creativecommons.org/licenses/by-nc-sa/3.0/
58579,Gavia,stellata,Red-throated Loon,Plongeon catmarin,Patrik berg,Sweden,59.793,14.482,terrotorial  call and song,http://creativecommons.org/licenses/by-nc-sa/3.0/
53817,Haematopus,ostralegus,Eurasian Oystercatcher,Huîtrier pie,Niels Krabbe,Sweden,56.4334,12.5667,song 4 birds in flight,http://creativecommons.org/licenses/by-nc-sa/3.0/
25754,Haematopus,ostralegus,Eurasian Oystercatcher,Huîtrier pie,Niels Krabbe,Denmark,55.8334,10.6001,songs of group of 3 birds,http://creativecommons.org/licenses/by-nc-sa/3.0/
76241,Haematopus,ostralegus,Eurasian Oystercatcher,Huîtrier pie,Volker Arnold,Germany,54.068,8.976,song,http://creativecommons.org/licenses/by-nc-nd/2.5/
157322,Hirundo,rustica,Barn Swallow,Hirondelle rustique,david m,United Kingdom,54.12,-0.5445,"male, song",http://creativecommons.org/licenses/by-nc-nd/3.0/
157331,Hirundo,rustica,Barn Swallow,Hirondelle rustique,david m,United Kingdom,54.12,-0.5445,"male, song",http://creativecommons.org/licenses/by-nc-nd/3.0/
157279,Hirundo,rustica,Barn Swallow,Hirondelle rustique,david m,United Kingdom,54.12,-0.5445,"male, song",http://creativecommons.org/licenses/by-nc-nd/3.0/
108002,Jynx,torquilla,Eurasian Wryneck,Torcol fourmilier,Jelmer Poelstra,Sweden,59.9128,17.6201,song,http://creativecommons.org/licenses/by-nc-nd/2.5/
133054,Jynx,torquilla,Eurasian Wryneck,Torcol fourmilier,Jarek Matusiak,Poland,52.3603,20.9157,"male, song",http://creativecommons.org/licenses/by-nc-sa/3.0/
133471,Jynx,torquilla,Eurasian Wryneck,Torcol fourmilier,Lars Lachmann,Germany,52.5245,13.0124,song,http://creativecommons.org/licenses/by-nc-sa/3.0/
130283,Lagopus,lagopus,Willow Ptarmigan,Lagopède des saules,Stein . Nilsen,Norway,69.5778,18.6401,"Display, call, lekking, male, song",http://creativecommons.org/licenses/by-nc-sa/3.0/
149806,Lagopus,lagopus,Willow Ptarmigan,Lagopède des saules,Jens Kirkeby,Norway,69.6365,18.8518,"male, song",http://creativecommons.org/licenses/by-nc-sa/3.0/
71943,Lagopus,lagopus,Willow Ptarmigan,Lagopède des saules,Richard Dunn,United Kingdom,54.813,-2.254,song,http://creativecommons.org/licenses/by-nc-nd/2.5/
126481,Larus,argentatus,European Herring Gull,Goéland argenté,Stein . Nilsen,Norway,69.5667,18.6001,"call, song",http://creativecommons.org/licenses/by-nc-sa/3.0/
154285,Larus,argentatus,European Herring Gull,Goéland argenté,Fernand Deroussen,France,48.6869,-2.3157,"call, colony, song",http://creativecommons.org/licenses/by-nc-nd/3.0/
125486,Larus,argentatus,European Herring Gull,Goéland argenté,Stein . Nilsen,Norway,69.5778,18.6401,"flight call, song",http://creativecommons.org/licenses/by-nc-sa/3.0/
102060,Linaria,cannabina,Common Linnet,Linotte mélodieuse,Richard Dunn,United Kingdom,55.01,-1.898,song,http://creativecommons.org/licenses/by-nc-nd/2.5/
125782,Linaria,cannabina,Common Linnet,Linotte mélodieuse,david m,United Kingdom,54.1246,-0.5465,"call, female, male, song",http://creativecommons.org/licenses/by-nc-nd/3.0/
145534,Linaria,cannabina,Common Linnet,Linotte mélodieuse,Patrik berg,United Kingdom,52.9382,1.1089,"call, song",http://creativecommons.org/licenses/by-nc-sa/3.0/
83760,Locustella,fluviatilis,River Warbler,Paruline de rivière,Kamil Cihak,Czech Republic,,,song,http://creativecommons.org/licenses/by-nc-nd/2.5/
140557,Locustella,fluviatilis,River Warbler,Paruline de rivière,Fernand DEROUSSEN,Poland,52.7362,23.7847,song,http://creativecommons.org/licenses/by-nc-nd/3.0/
110303,Locustella,fluviatilis,River Warbler,Paruline de rivière,Patrik berg,Sweden,58.6333,14.0843,song,http://creativecommons.org/licenses/by-nc-sa/3.0/
94211,Loxia,curvirostra,Red Crossbill,Bec-croisé des sapins,Richard Dunn,United Kingdom,55.212,-2.043,song,http://creativecommons.org/licenses/by-nc-nd/2.5/
94212,Loxia,curvirostra,Red Crossbill,Bec-croisé des sapins,Richard Dunn,United Kingdom,55.212,-2.043,song,http://creativecommons.org/licenses/by-nc-nd/2.5/
99862,Loxia,curvirostra,Red Crossbill,Bec-croisé des sapins,Tony Whitehead,United Kingdom,50.651,-3.582,Call Song,http://creativecommons.org/licenses/by-nc-nd/2.5/
123808,Luscinia,megarhynchos,Common Nightingale,Rossignol commun,david m,United Kingdom,51.9001,-0.5289,"male, song",http://creativecommons.org/licenses/by-nc-nd/3.0/
123810,Luscinia,megarhynchos,Common Nightingale,Rossignol commun,david m,United Kingdom,51.9001,-0.5289,"male, song",http://creativecommons.org/licenses/by-nc-nd/3.0/
132580,Luscinia,megarhynchos,Common Nightingale,Rossignol commun,Kieran Nixon,United Kingdom,52.9515,1.0895,song,http://creativecommons.org/licenses/by-nc-sa/3.0/
148426,Merops,apiaster,European Bee-eater,Guêpier d'Europe,Patrik berg,Spain,39.8427,-5.9972,call,http://creativecommons.org/licenses/by-nc-sa/3.0/
141026,Merops,apiaster,European Bee-eater,Guêpier d'Europe,Fernand DEROUSSEN,France,43.5722,4.5868,song,http://creativecommons.org/licenses/by-nc-nd/3.0/
97194,Merops,apiaster,European Bee-eater,Guêpier d'Europe,Rodolphe ALEXIS,Spain,,,Song,http://creativecommons.org/licenses/by-nc-nd/2.5/
125137,Motacilla,aguimp,African Pied Wagtail,Bergeronnette grise,Bram Piot,Zambia,-17.807,25.6894,"call, female, male",http://creativecommons.org/licenses/by-nc-sa/3.0/
41428,Motacilla,aguimp,African Pied Wagtail,Bergeronnette grise,Derek Solomon,Zambia,-13.0667,31.7834,Call,http://creativecommons.org/licenses/by-nc-nd/2.5/
118441,Motacilla,aguimp,African Pied Wagtail,Bergeronnette grise,Rory Nefdt,Zambia,-15.9259,29.0292,song,http://creativecommons.org/licenses/by-nc-sa/3.0/
69792,Motacilla,flava,Western Yellow Wagtail,Bergeronnette jaune de l’Ouest,Louis A. hansen,Denmark,54.5667,11.96242,Song,http://creativecommons.org/licenses/by-nc-nd/2.5/
102788,Motacilla,flava,Western Yellow Wagtail,Bergeronnette jaune de l’Ouest,Jarek Matusiak,Poland,51.338,22.965,"call, song",http://creativecommons.org/licenses/by-nc-nd/2.5/
36637,Motacilla,flava,Western Yellow Wagtail,Bergeronnette jaune de l’Ouest,Rob van Bemmelen,Sweden,65.957,16.2078,song,http://creativecommons.org/licenses/by-nc-nd/2.5/
103145,Muscicapa,striata,Spotted Flycatcher,Gobemouche gris,maudoc,Italy,45.4191,10.8205,song,http://creativecommons.org/licenses/by-nc-nd/3.0/
134042,Muscicapa,striata,Spotted Flycatcher,Gobemouche gris,Volker Arnold,Hungary,47.16,20.2228,song,http://creativecommons.org/licenses/by-nc-sa/3.0/
139372,Muscicapa,striata,Spotted Flycatcher,Gobemouche gris,Mats Rellmar,Sweden,56.0673,13.0125,song,http://creativecommons.org/licenses/by-nc-sa/3.0/
27152,Oriolus,oriolus,Eurasian Golden Oriole,Oriole doré d’Eurasie,Patrik berg,Sweden,58.4834,14.5014,Song,http://creativecommons.org/licenses/by-nc-sa/3.0/
101377,Oriolus,oriolus,Eurasian Golden Oriole,Oriole doré d’Eurasie,Krzysiek Deoniziak,Poland,52.272,16.797,song,http://creativecommons.org/licenses/by-nc-nd/2.5/
80356,Oriolus,oriolus,Eurasian Golden Oriole,Oriole doré d’Eurasie,Niels Krabbe,Sweden,55.6501,13.5667,song,http://creativecommons.org/licenses/by-nc-nd/2.5/
122555,Parus,major,Great Tit,Mésange charbonnière,Ashley Fisher,United Kingdom,49.9222,-6.2917,"male, song",http://creativecommons.org/licenses/by-nc-sa/3.0/
94652,Parus,major,Great Tit,Mésange charbonnière,Richard Dunn,United Kingdom,55.129,-1.873,song,http://creativecommons.org/licenses/by-nc-nd/2.5/
71454,Parus,major,Great Tit,Mésange charbonnière,Richard Dunn,United Kingdom,55.219,-1.765,song,http://creativecommons.org/licenses/by-nc-nd/2.5/
134291,Passer,domesticus,House Sparrow,Moineau domestique,Lars Lachmann,Germany,52.7877,9.1168,"call, song",http://creativecommons.org/licenses/by-nc-sa/3.0/
151150,Passer,domesticus,House Sparrow,Moineau domestique,Jarek Matusiak,Poland,52.6646,23.5784,"male, song",http://creativecommons.org/licenses/by-nc-sa/3.0/
29766,Passer,domesticus,House Sparrow,Moineau domestique,Stuart Fisher,United Kingdom,52.7601,0.2973,"call, song",http://creativecommons.org/licenses/by-nc-nd/2.5/
143465,Passer,montanus,Eurasian Tree Sparrow,Moineau arboricole,Buhl Johannes,Germany,48.2976,10.9317,song,http://creativecommons.org/licenses/by-nc-sa/3.0/
90122,Passer,montanus,Eurasian Tree Sparrow,Moineau arboricole,Volker Arnold,Germany,54.191,9.106,"call, song",http://creativecommons.org/licenses/by-nc-nd/2.5/
43764,Passer,montanus,Eurasian Tree Sparrow,Moineau arboricole,Jarek Matusiak,Poland,52.30470007,20.94783783,Song,http://creativecommons.org/licenses/by-nc-nd/2.5/
46209,Perdix,perdix,Grey Partridge,Perdrix grise,Matthias Feuersenger,Germany,49.5863,8.4318,song,http://creativecommons.org/licenses/by-nc-nd/2.5/
46211,Perdix,perdix,Grey Partridge,Perdrix grise,Matthias Feuersenger,Germany,49.5863,8.4318,"flight calls, song",http://creativecommons.org/licenses/by-nc-nd/2.5/
42430,Perdix,perdix,Grey Partridge,Perdrix grise,Patrik berg,Sweden,56.4451,16.5662,song,http://creativecommons.org/licenses/by-nc-sa/3.0/
95058,Periparus,ater,Coal Tit,Mésange de charbon,Richard Dunn,United Kingdom,55.31,-2.114,song,http://creativecommons.org/licenses/by-nc-nd/2.5/
98842,Periparus,ater,Coal Tit,Mésange de charbon,Tony Whitehead,United Kingdom,50.596,-3.727,Song,http://creativecommons.org/licenses/by-nc-nd/2.5/
132149,Periparus,ater,Coal Tit,Mésange de charbon,Paul Driver,United Kingdom,51.721,-0.145,extended song,http://creativecommons.org/licenses/by-nc-sa/3.0/
113089,Pernis,apivorus,European Honey Buzzard,Buse apivore,Simon Elliott,United Kingdom,57.4749,-4.2203,"call, female",http://creativecommons.org/licenses/by-nc-sa/3.0/
145738,Pernis,apivorus,European Honey Buzzard,Buse apivore,OREVER,France,44.1686,6.6018,"call, flight call",http://creativecommons.org/licenses/by-nc-sa/3.0/
146062,Pernis,apivorus,European Honey Buzzard,Buse apivore,Francesco Sottile,Italy,39.4163,16.7029,"flight call, male",http://creativecommons.org/licenses/by-nc-sa/3.0/
153129,Phasianus,colchicus,Common Pheasant,Faisan de Colchide,Patrik berg,Sweden,58.5731,14.2489,song,http://creativecommons.org/licenses/by-nc-sa/3.0/
149146,Phasianus,colchicus,Common Pheasant,Faisan de Colchide,Fernand DEROUSSEN,France,48.3941,2.577,song,http://creativecommons.org/licenses/by-nc-nd/3.0/
121326,Phasianus,colchicus,Common Pheasant,Faisan de Colchide,Jarek Matusiak,Poland,52.359,20.929,"alarm call, male",http://creativecommons.org/licenses/by-nc-sa/3.0/
76760,Phoenicurus,phoenicurus,Common Redstart,Rougequeue à front noir,Richard Dunn,United Kingdom,55.2189,-1.7648,song,http://creativecommons.org/licenses/by-nc-nd/2.5/
76761,Phoenicurus,phoenicurus,Common Redstart,Rougequeue à front noir,Richard Dunn,United Kingdom,55.2189,-1.7648,song,http://creativecommons.org/licenses/by-nc-nd/2.5/
76762,Phoenicurus,phoenicurus,Common Redstart,Rougequeue à front noir,Richard Dunn,United Kingdom,55.2189,-1.7648,song,http://creativecommons.org/licenses/by-nc-nd/2.5/
153833,Phylloscopus,collybita,Common Chiffchaff,Pouillot véloce,david m,United Kingdom,54.1534,-0.6051,"male, song",http://creativecommons.org/licenses/by-nc-nd/3.0/
121963,Phylloscopus,collybita,Common Chiffchaff,Pouillot véloce,david m,United Kingdom,54.1471,-0.601,"male, song",http://creativecommons.org/licenses/by-nc-nd/3.0/
71748,Phylloscopus,collybita,Common Chiffchaff,Pouillot véloce,Mark Doveston,United Kingdom,,,"Song,call",http://creativecommons.org/licenses/by-nc-nd/2.5/
101934,Phylloscopus,sibilatrix,Wood Warbler,Pouillot siffleur,Richard Dunn,United Kingdom,54.9651,-2.317,song,http://creativecommons.org/licenses/by-nc-nd/2.5/
101862,Phylloscopus,sibilatrix,Wood Warbler,Pouillot siffleur,Richard Dunn,United Kingdom,54.9651,-2.317,song,http://creativecommons.org/licenses/by-nc-nd/2.5/
101935,Phylloscopus,sibilatrix,Wood Warbler,Pouillot siffleur,Richard Dunn,United Kingdom,54.9651,-2.317,song,http://creativecommons.org/licenses/by-nc-nd/2.5/
121601,Phylloscopus,trochilus,Willow Warbler,Pouillot fitis,david m,United Kingdom,54.1248,-0.5685,"male, song",http://creativecommons.org/licenses/by-nc-nd/3.0/
146755,Phylloscopus,trochilus,Willow Warbler,Pouillot fitis,David Darrell-Lambert,United Kingdom,57.1672,-3.702,song,http://creativecommons.org/licenses/by-nc-sa/3.0/
99529,Phylloscopus,trochilus,Willow Warbler,Pouillot fitis,Tony Whitehead,United Kingdom,50.601,-3.72,Song,http://creativecommons.org/licenses/by-nc-nd/2.5/
121016,Pica,pica,Eurasian Magpie,Pie bavarde,Lars Lachmann,Poland,52.443,21.094,"call, song",http://creativecommons.org/licenses/by-nc-sa/3.0/
148889,Pica,pica,Eurasian Magpie,Pie bavarde,Stein . Nilsen,Norway,69.5778,18.6401,flight call,http://creativecommons.org/licenses/by-nc-sa/3.0/
29230,Pica,pica,Eurasian Magpie,Pie bavarde,Ante Strand,Sweden,59.58333,13.06667,Call,http://creativecommons.org/licenses/by-nc-nd/2.5/
99072,Picus,viridis,European Green Woodpecker,Pic vert,Richard Dunn,United Kingdom,55.07,-1.6059,song,http://creativecommons.org/licenses/by-nc-nd/2.5/
153131,Picus,viridis,European Green Woodpecker,Pic vert,Patrik berg,Sweden,58.679,14.492,"drumming, song",http://creativecommons.org/licenses/by-nc-sa/3.0/
43853,Picus,viridis,European Green Woodpecker,Pic vert,Stuart Fisher,United Kingdom,51.5676,0.0451,Song,http://creativecommons.org/licenses/by-nc-nd/2.5/
42344,Pluvialis,apricaria,European Golden Plover,Pluvier doré,Patrik berg,Sweden,58.5356,14.2284,song,http://creativecommons.org/licenses/by-nc-sa/3.0/
85842,Pluvialis,apricaria,European Golden Plover,Pluvier doré,Christoph Bock,Norway,71.055,28.044,"call, song",http://creativecommons.org/licenses/by-nc-nd/2.5/
42343,Pluvialis,apricaria,European Golden Plover,Pluvier doré,Patrik berg,Sweden,58.5356,14.2284,"call, song",http://creativecommons.org/licenses/by-nc-sa/3.0/
150291,Pluvialis,squatarola,Grey Plover,Pluvier argenté,Volker Arnold,Germany,54.068,8.976,flight call,http://creativecommons.org/licenses/by-nc-sa/3.0/
146757,Pluvialis,squatarola,Grey Plover,Pluvier argenté,David Darrell-Lambert,United Kingdom,51.4633,0.2847,alarm call,http://creativecommons.org/licenses/by-nc-sa/3.0/
160879,Pluvialis,squatarola,Grey Plover,Pluvier argenté,Marco Dragonetti,Italy,43.8595,10.2373,call,http://creativecommons.org/licenses/by-nc-nd/3.0/
91185,Poecile,montanus,Willow Tit,Mésange saule,Lars Lachmann,Poland,52.4428,21.0939,song,http://creativecommons.org/licenses/by-nc-nd/2.5/
98691,Poecile,montanus,Willow Tit,Mésange saule,Stein . Nilsen,Norway,69.5848,18.662,Subsong,http://creativecommons.org/licenses/by-nc-nd/2.5/
164926,Poecile,montanus,Willow Tit,Mésange saule,Buhl Johannes,Germany,48.3447,10.9154,song,http://creativecommons.org/licenses/by-nc-sa/3.0/
46032,Poecile,palustris,Marsh Tit,Mésange des marais,Jarek Matusiak,Poland,52.4559,20.7328,song from tree top,http://creativecommons.org/licenses/by-nc-nd/2.5/
55184,Poecile,palustris,Marsh Tit,Mésange des marais,GROSSELET Olivier,France,43.022,-0.16,song,http://creativecommons.org/licenses/by-nc-nd/2.5/
26578,Poecile,palustris,Marsh Tit,Mésange des marais,Stuart Fisher,United Kingdom,52.9453,0.5776,Song,http://creativecommons.org/licenses/by-nc-nd/2.5/
145537,Prunella,modularis,Dunnock,Accenteur mouchet,Patrik berg,United Kingdom,52.9382,1.1089,song,http://creativecommons.org/licenses/by-nc-sa/3.0/
70132,Prunella,modularis,Dunnock,Accenteur mouchet,Paul Driver,United Kingdom,52.509,0.661,song,http://creativecommons.org/licenses/by-nc-nd/2.5/
94669,Prunella,modularis,Dunnock,Accenteur mouchet,Richard Dunn,United Kingdom,55.0698,-1.5167,song,http://creativecommons.org/licenses/by-nc-nd/2.5/
113905,Pyrrhula,pyrrhula,Eurasian Bullfinch,Bouvreuil pivoine,Jarek Matusiak,Poland,52.1157,21.0907,"call, male, song",http://creativecommons.org/licenses/by-nc-sa/3.0/
146707,Pyrrhula,pyrrhula,Eurasian Bullfinch,Bouvreuil pivoine,julien Rochefort,France,48.3941,2.577,"male, song",http://creativecommons.org/licenses/by-nc-sa/3.0/
83357,Pyrrhula,pyrrhula,Eurasian Bullfinch,Bouvreuil pivoine,Volker Arnold,Germany,54.116,9.325,song,http://creativecommons.org/licenses/by-nc-nd/2.5/
49540,Regulus,regulus,Goldcrest,Roitelet huppé,Andrew McCafferty,United Kingdom,50.16232501,-1.16618667,Song,http://creativecommons.org/licenses/by-nc-nd/2.5/
78958,Regulus,regulus,Goldcrest,Roitelet huppé,Jacques PREVOST,France,45.3248,5.757,song,http://creativecommons.org/licenses/by-nc-nd/2.5/
106846,Regulus,regulus,Goldcrest,Roitelet huppé,Jan-Kees Bossenbroek,France,47.6989,-3.2759,song,http://creativecommons.org/licenses/by-nc-nd/2.5/
99937,Sitta,europaea,Eurasian Nuthatch,Sittelle torchepot,Tony Whitehead,United Kingdom,50.651,-3.58,Call Song,http://creativecommons.org/licenses/by-nc-nd/2.5/
28926,Sitta,europaea,Eurasian Nuthatch,Sittelle torchepot,Stuart Fisher,United Kingdom,51.2573,-0.5062,song,http://creativecommons.org/licenses/by-nc-nd/2.5/
78951,Sitta,europaea,Eurasian Nuthatch,Sittelle torchepot,Jacques PREVOST,France,45.307,5.5514,song,http://creativecommons.org/licenses/by-nc-nd/2.5/
128851,Streptopelia,decaocto,Eurasian Collared Dove,Tourterelle turque,Ashley Fisher,United Kingdom,49.9196,-6.3053,"male, song",http://creativecommons.org/licenses/by-nc-sa/3.0/
101940,Streptopelia,decaocto,Eurasian Collared Dove,Tourterelle turque,Richard Dunn,United Kingdom,55.065,-1.505,song,http://creativecommons.org/licenses/by-nc-nd/2.5/
101941,Streptopelia,decaocto,Eurasian Collared Dove,Tourterelle turque,Richard Dunn,United Kingdom,55.065,-1.505,song,http://creativecommons.org/licenses/by-nc-nd/2.5/
40186,Streptopelia,turtur,European Turtle Dove,Tourterelle des bois,Marco Dragonetti,Italy,42.6001,11.2834,song,http://creativecommons.org/licenses/by-nc-nd/2.5/
75092,Streptopelia,turtur,European Turtle Dove,Tourterelle des bois,Tomas Belka,Czech Republic,50.1167,16.7667,song,http://creativecommons.org/licenses/by-nc-nd/2.5/
144991,Streptopelia,turtur,European Turtle Dove,Tourterelle des bois,Marco Dragonetti,Italy,42.6001,11.2834,song,http://creativecommons.org/licenses/by-nc-nd/3.0/
64728,Strix,aluco,Tawny Owl,Chouette hulotte,Patrik berg,Sweden,58.5731,14.2489,"call, song",http://creativecommons.org/licenses/by-nc-sa/3.0/
67089,Strix,aluco,Tawny Owl,Chouette hulotte,Richard Dunn,United Kingdom,55.219,-1.765,song,http://creativecommons.org/licenses/by-nc-nd/2.5/
76765,Strix,aluco,Tawny Owl,Chouette hulotte,Richard Dunn,United Kingdom,55.219,-1.765,song,http://creativecommons.org/licenses/by-nc-nd/2.5/
101936,Sturnus,vulgaris,Common Starling,Étourneau sansonnet,Richard Dunn,United Kingdom,54.857,-2.2701,song,http://creativecommons.org/licenses/by-nc-nd/2.5/
42698,Sturnus,vulgaris,Common Starling,Étourneau sansonnet,Stuart Fisher,United Kingdom,57.8981,-6.7995,Song/subsong,http://creativecommons.org/licenses/by-nc-nd/2.5/
144382,Sturnus,vulgaris,Common Starling,Étourneau sansonnet,Magnus Bergsson,Iceland,64.674,-21.6221,"drumming, impersonate, male, song",http://creativecommons.org/licenses/by-nc-sa/3.0/
94964,Sylvia,atricapilla,Eurasian Blackcap,Fauvette à tête noire,Richard Dunn,United Kingdom,55.2189,-1.7648,song,http://creativecommons.org/licenses/by-nc-nd/2.5/
99357,Sylvia,atricapilla,Eurasian Blackcap,Fauvette à tête noire,Tony Whitehead,United Kingdom,50.658,-3.719,Song,http://creativecommons.org/licenses/by-nc-nd/2.5/
94967,Sylvia,atricapilla,Eurasian Blackcap,Fauvette à tête noire,Richard Dunn,United Kingdom,55.2189,-1.7648,song,http://creativecommons.org/licenses/by-nc-nd/2.5/
102932,Sylvia,borin,Garden Warbler,Fauvette des jardins,Stuart Fisher,United Kingdom,51.71,-0.011,Song and subsong,http://creativecommons.org/licenses/by-nc-nd/2.5/
49443,Sylvia,borin,Garden Warbler,Fauvette des jardins,Andrew McCafferty,United Kingdom,50.16232501,-1.16618667,Song,http://creativecommons.org/licenses/by-nc-nd/2.5/
146260,Sylvia,borin,Garden Warbler,Fauvette des jardins,david m,United Kingdom,54.1329,-0.5494,"male, song",http://creativecommons.org/licenses/by-nc-nd/3.0/
135521,Sylvia,communis,Common Whitethroat,Fauvette fauvette huppée,Suzanne MacLeod,United Kingdom,51.3541,-2.0824,"female, song",http://creativecommons.org/licenses/by-nc-sa/3.0/
76740,Sylvia,communis,Common Whitethroat,Fauvette fauvette huppée,Richard Dunn,United Kingdom,55.07,-1.606,song,http://creativecommons.org/licenses/by-nc-nd/2.5/
76742,Sylvia,communis,Common Whitethroat,Fauvette fauvette huppée,Richard Dunn,United Kingdom,55.07,-1.606,song,http://creativecommons.org/licenses/by-nc-nd/2.5/
101932,Sylvia,curruca,Lesser Whitethroat,Fauvette babillarde,Richard Dunn,United Kingdom,55.07,-1.6059,song,http://creativecommons.org/licenses/by-nc-nd/2.5/
101933,Sylvia,curruca,Lesser Whitethroat,Fauvette babillarde,Richard Dunn,United Kingdom,55.07,-1.6059,song,http://creativecommons.org/licenses/by-nc-nd/2.5/
102278,Sylvia,curruca,Lesser Whitethroat,Fauvette babillarde,Richard Dunn,United Kingdom,55.2809,-1.5801,song,http://creativecommons.org/licenses/by-nc-nd/2.5/
41816,Tringa,glareola,Wood Sandpiper,Chevalier sylvain,Hans Petter Kristoffersen,Norway,69.6001,19.8334,"call, song",http://creativecommons.org/licenses/by-nc-nd/2.5/
102868,Tringa,glareola,Wood Sandpiper,Chevalier sylvain,Jarek Matusiak,Latvia,57.962,24.796,song,http://creativecommons.org/licenses/by-nc-nd/2.5/
102869,Tringa,glareola,Wood Sandpiper,Chevalier sylvain,Jarek Matusiak,Estonia,57.962,24.796,song,http://creativecommons.org/licenses/by-nc-nd/2.5/
83912,Tringa,totanus,Common Redshank,Chevalier gambette,Patrik berg,Iceland,65.5501,-17.2334,"call, song",http://creativecommons.org/licenses/by-nc-nd/2.5/
57919,Tringa,totanus,Common Redshank,Chevalier gambette,Ruud van Beusekom,Iceland,65.061,-13.975,song,http://creativecommons.org/licenses/by-nc-nd/2.5/
110167,Tringa,totanus,Common Redshank,Chevalier gambette,Jens Kirkeby,Norway,69.6365,18.8518,Song,http://creativecommons.org/licenses/by-nc-nd/2.5/
133872,Troglodytes,troglodytes,Eurasian Wren,Troglodyte mignon,Mike Nelson,United Kingdom,55.9937,-3.5605,song,http://creativecommons.org/licenses/by-nc-sa/3.0/
59776,Troglodytes,troglodytes,Eurasian Wren,Troglodyte mignon,Frank Lambert,United Kingdom,50.853,-0.164,song,http://creativecommons.org/licenses/by-nc-nd/3.0/
71024,Troglodytes,troglodytes,Eurasian Wren,Troglodyte mignon,Paul Driver,United Kingdom,51.7209,-0.1448,song,http://creativecommons.org/licenses/by-nc-nd/2.5/
121168,Turdus,iliacus,Redwing,Grive mauvis,Lars Theng,Sweden,58.1422,13.4531,song,http://creativecommons.org/licenses/by-nc-sa/3.0/
27962,Turdus,iliacus,Redwing,Grive mauvis,Patrik berg,Sweden,58.453481,14.229355,Song,http://creativecommons.org/licenses/by-nc-sa/3.0/
25119,Turdus,iliacus,Redwing,Grive mauvis,Niels Krabbe,Finland,65.0667,24.6334,song,http://creativecommons.org/licenses/by-nc-sa/3.0/
127996,Turdus,merula,Common Blackbird,Le Carouge noir,david m,United Kingdom,54.1226,-0.5429,"call, flight call, male, song",http://creativecommons.org/licenses/by-nc-nd/3.0/
72861,Turdus,merula,Common Blackbird,Le Carouge noir,Stuart Fisher,United Kingdom,51.5278,-0.0101,Song of a male,http://creativecommons.org/licenses/by-nc-nd/2.5/
94958,Turdus,merula,Common Blackbird,Le Carouge noir,Richard Dunn,United Kingdom,55.0698,-1.5167,song,http://creativecommons.org/licenses/by-nc-nd/2.5/
96608,Turdus,philomelos,Song Thrush,Grive musicienne,Fraser Simpson,United Kingdom,51.636,-0.328,Song,http://creativecommons.org/licenses/by-nc-nd/2.5/
132392,Turdus,philomelos,Song Thrush,Grive musicienne,david m,United Kingdom,54.12,-0.5445,song,http://creativecommons.org/licenses/by-nc-nd/3.0/
146756,Turdus,philomelos,Song Thrush,Grive musicienne,David Darrell-Lambert,United Kingdom,51.6608,0.0031,song,http://creativecommons.org/licenses/by-nc-sa/3.0/
27060,Vanellus,vanellus,Northern Lapwing,Vanneau huppé,Patrik berg,Sweden,58.4051,14.3028,song,http://creativecommons.org/licenses/by-nc-sa/3.0/
97982,Vanellus,vanellus,Northern Lapwing,Vanneau huppé,Herman van der Meer,Netherlands,52.152,4.347,"call, song",http://creativecommons.org/licenses/by-nc-nd/2.5/
69855,Vanellus,vanellus,Northern Lapwing,Vanneau huppé,Ruud van Beusekom,Netherlands,52.2598,5.297,"call, song",http://creativecommons.org/licenses/by-nc-nd/2.5/
